{
    "key": "gt_treated_wood",
    "category": "wood",
    "primary": 3,
    "secondary": 1.7,
    "tertiary": 6,
    "durability": 128,
    "integrityCost": 1,
    "integrityGain": 5,
    "magicCapacity": 90,
    "toolLevel": "minecraft:wood",
    "toolEfficiency": 2,
    "tints": {
        "glyph": "spruce_glyph",
        "texture": "spruce"
    },
    "textures": [
        "crude",
        "wooden"
    ],
    "material": {
        "items": [ "gtceu:treated_wood_planks" ]
    },
    "requiredTools": {
        "axe_dig": "minecraft:wood"
    }
}