{
    "key": "gt_aluminium",
    "category": "metal",
    "primary": 8,
    "secondary": 6.5,
    "tertiary": 2.4,
    "durability": 768,
    "integrityCost": 2,
    "integrityGain": 5,
    "magicCapacity": 60,
    "toolLevel": "minecraft:iron",
    "toolEfficiency": 10,
    "tints": {
        "glyph": "b6e5ff",
        "texture": "b6e5ff"
    },
    "textures": [
        "heavy",
        "metal",
        "default"
    ],
    "material": {
        "items": [
            "gtceu:aluminium_ingot"
        ]
    },
    "requiredTools": {
        "hammer_dig": "minecraft:iron"
    }
}