{
    "key": "gt_bronze",
    "category": "metal",
    "primary": 8,
    "secondary": 6.5,
    "tertiary": 2.4,
    "durability": 192,
    "integrityCost": 2,
    "integrityGain": 5,
    "magicCapacity": 60,
    "toolLevel": "minecraft:iron",
    "toolEfficiency": 7,
    "tints": {
        "glyph": "ffc370",
        "texture": "ffc370"
    },
    "textures": [
        "heavy",
        "metal",
        "default"
    ],
    "material": {
        "items": [
            "gtceu:bronze_ingot"
        ]
    },
    "requiredTools": {
        "hammer_dig": "minecraft:iron"
    }
}