{
    "key": "gt_invar",
    "category": "metal",
    "primary": 8,
    "secondary": 6.5,
    "tertiary": 2.4,
    "durability": 384,
    "integrityCost": 2,
    "integrityGain": 5,
    "magicCapacity": 60,
    "toolLevel": "minecraft:iron",
    "toolEfficiency": 8,
    "tints": {
        "glyph": "e2e8e1",
        "texture": "e2e8e1"
    },
    "textures": [
        "heavy",
        "metal",
        "default"
    ],
    "material": {
        "items": [
            "gtceu:invar_ingot"
        ]
    },
    "requiredTools": {
        "hammer_dig": "minecraft:iron"
    }
}