{
    "key": "gt_naquadah_alloy",
    "category": "metal",
    "primary": 8,
    "secondary": 6.5,
    "tertiary": 2.4,
    "durability": 3072,
    "integrityCost": 2,
    "integrityGain": 7,
    "magicCapacity": 60,
    "toolLevel": "minecraft:netherite",
    "toolEfficiency": 44,
    "tints": {
        "glyph": "323232",
        "texture": "323232"
    },
    "textures": [
        "heavy",
        "metal",
        "default"
    ],
    "material": {
        "items": [
            "gtceu:naquadah_alloy_ingot"
        ]
    },
    "requiredTools": {
        "hammer_dig": "minecraft:iron"
    }
}