{
    "key": "gt_red_steel",
    "category": "metal",
    "primary": 8,
    "secondary": 6.5,
    "tertiary": 2.4,
    "durability": 2560,
    "integrityCost": 2,
    "integrityGain": 7,
    "magicCapacity": 60,
    "toolLevel": "minecraft:diamond",
    "toolEfficiency": 11,
    "tints": {
        "glyph": "a09191",
        "texture": "a09191"
    },
    "textures": [
        "heavy",
        "metal",
        "default"
    ],
    "material": {
        "items": [
            "gtceu:red_steel_ingot"
        ]
    },
    "requiredTools": {
        "hammer_dig": "minecraft:iron"
    }
}