{
    "key": "gt_rose_gold",
    "category": "metal",
    "primary": 8,
    "secondary": 6.5,
    "tertiary": 2.4,
    "durability": 768,
    "integrityCost": 1,
    "integrityGain": 5,
    "magicCapacity": 60,
    "toolLevel": "minecraft:iron",
    "toolEfficiency": 16,
    "tints": {
        "glyph": "ecd5b8",
        "texture": "ecd5b8"
    },
    "textures": [
        "heavy",
        "metal",
        "default"
    ],
    "material": {
        "items": [
            "gtceu:rose_gold_ingot"
        ]
    },
    "requiredTools": {
        "hammer_dig": "minecraft:iron"
    }
}