{
    "key": "gt_tungsten_steel",
    "category": "metal",
    "primary": 8,
    "secondary": 6.5,
    "tertiary": 2.4,
    "durability": 2048,
    "integrityCost": 2,
    "integrityGain": 7,
    "magicCapacity": 60,
    "toolLevel": "minecraft:netherite",
    "toolEfficiency": 13,
    "tints": {
        "glyph": "adb8df",
        "texture": "adb8df"
    },
    "textures": [
        "heavy",
        "metal",
        "default"
    ],
    "material": {
        "items": [
            "gtceu:tungsten_steel_ingot"
        ]
    },
    "requiredTools": {
        "hammer_dig": "minecraft:iron"
    }
}